School Name,District Name,School Type,Census Day Enrollment,American Indian or Alaska Native #,Asian #,Asian %,Black or African American #,,Filipino #,Filipino %,Hispanic or Latino #,Hispanic or Latino %,Native Hawaiian or Pac Islander #,Native Hawaiian or Pac Islander %,Two or More Races #,Two or More Races %,None Reported # (School),None %,White #,White %,Free/Reduced Meals %,Suspension Rate,Chronic Absenteeism %,Chronic Absenteeism #,CAASPP-Math Standard Exceeded or Met (Levels 3 and 4),CAASPP-ELA Standard Exceeded or Met (Levels 3 and 4)
Achieve Academy,Oakland Unified,Elementary,638,1,13,2.04,17,2.66,10,1.57,576,90.28,2,0.31,3,0.47,0,0,16,2.51,89.8,1.5,9.6,64,31.63,25.31
ACORN Woodland Elementary,Oakland Unified,Elementary,286,0,3,1.05,18,6.29,0,0,256,89.51,0,0,1,0.35,2,0.7,6,2.1,92,0,21,61,42.86,41.3
Alameda Community Learning Center,Alameda Unified,K-12 Schools (Public),351,0,72,20.51,27,7.69,20,5.7,47,13.39,0,0,33,9.4,29,8.26,123,35.04,26.5,3.5,11.3,41,58.6,75
Alameda County Community,Alameda County Office of Education,County Community,133,1,1,0.75,42,31.58,1,0.75,75,56.39,0,0,5,3.76,0,0,8,6.02,85.7,1.5,75.3,207,0,7.14
Alameda High,Alameda Unified,High School,1767,2,678,38.37,89,5.04,108,6.11,223,12.62,10,0.57,109,6.17,9,0.51,539,30.5,21,2.3,8,145,61.75,83.33
Alameda Science and Technology Institute,Alameda Unified,Alternative,192,0,91,47.4,9,4.69,17,8.85,18,9.38,2,1.04,9,4.69,2,1.04,44,22.92,28.7,0.5,5.7,11,89.58,97.92
Albany High,Albany City Unified,High School,1168,1,356,30.48,37,3.17,16,1.37,193,16.52,4,0.34,128,10.96,16,1.37,417,35.7,18.3,0.9,8,94,70.75,80.84
Albany Middle,Albany City Unified,Middle,862,0,231,26.8,26,3.02,8,0.93,152,17.63,2,0.23,129,14.97,30,3.48,284,32.95,22,5.2,4.8,42,70.94,78.55
Alisal Elementary,Pleasanton Unified,Elementary,644,2,257,39.91,4,0.62,14,2.17,70,10.87,0,0,41,6.37,2,0.31,254,39.44,8.2,0.4,1.9,13,69.92,72.19
Allendale Elementary,Oakland Unified,Elementary,401,2,51,12.72,115,28.68,11,2.74,185,46.13,7,1.75,14,3.49,1,0.25,15,3.74,83,0.6,44.6,191,11.3,10.23
Alliance Academy,Oakland Unified,Middle,287,1,9,3.14,47,16.38,1,0.35,216,75.26,7,2.44,2,0.7,1,0.35,3,1.05,95.1,8.7,38.7,126,7.36,18.48
Altamont Creek Elementary,Livermore Valley Joint Unified,Elementary,585,5,120,20.51,10,1.71,14,2.39,123,21.03,1,0.17,48,8.21,0,0,264,45.13,17.1,0.3,2.3,13,62.98,66.92
Alternatives in Action,Alameda Unified,High School,202,1,0,0,12,5.94,0,0,168,83.17,0,0,2,0.99,17,8.42,2,0.99,94.6,9,41.4,84,0,3.7
Alvarado Elementary,New Haven Unified,Elementary,726,4,168,23.14,31,4.27,264,36.36,162,22.31,9,1.24,44,6.06,1,0.14,43,5.92,48.8,0.3,51.6,393,56.87,59.4
Amador Valley High,Pleasanton Unified,High School,2713,3,1078,39.73,29,1.07,61,2.25,222,8.18,4,0.15,103,3.8,1,0.04,1212,44.67,7.5,3.1,4.1,113,70.02,80.67
Amelia Earhart Elementary,Alameda Unified,Elementary,651,1,226,34.72,17,2.61,37,5.68,84,12.9,1,0.15,103,15.82,23,3.53,159,24.42,11.7,1,3.3,22,86.88,83.99
American High,Fremont Unified,High School,2448,5,1508,61.6,76,3.1,234,9.56,200,8.17,12,0.49,87,3.55,0,0,326,13.32,20.1,3.6,6.2,154,70.26,88.68
American Indian Public Charter,Oakland Unified,Junior High,161,0,91,56.52,38,23.6,2,1.24,18,11.18,0,0,2,1.24,0,0,10,6.21,73.9,3.5,2.4,4,66.01,47.44
American Indian Public Charter II,Oakland Unified,Elementary,794,3,376,47.36,266,33.5,4,0.5,90,11.34,3,0.38,10,1.26,2,0.25,40,5.04,75.6,3.5,5.6,45,73.13,62.59
American Indian Public High,Oakland Unified,High School,411,2,222,54.01,95,23.11,5,1.22,62,15.09,1,0.24,1,0.24,0,0,23,5.6,70.6,5.1,14,58,62.96,59.32
Andrew N. Christensen Middle,Livermore Valley Joint Unified,Middle,715,2,83,11.61,16,2.24,23,3.22,172,24.06,3,0.42,66,9.23,0,0,350,48.95,19.4,4.8,0,0,50,68.24
Anna Yates Elementary,Emery Unified,Elementary,534,1,55,10.3,232,43.45,10,1.87,130,24.34,7,1.31,48,8.99,0,0,51,9.55,79.8,2.7,21.8,119,23.29,36.14
Anthony W. Ochoa Middle,Hayward Unified,Middle,588,2,48,8.16,53,9.01,74,12.59,340,57.82,23,3.91,26,4.42,1,0.17,21,3.57,66.7,9.9,11.5,69,33.69,39.35
Ardenwood Elementary,Fremont Unified,Elementary,963,0,734,76.22,14,1.45,48,4.98,53,5.5,4,0.42,20,2.08,5,0.52,85,8.83,10.6,0.3,3.2,32,84.21,85.29
ARISE High,Oakland Unified,High School,317,2,4,1.26,6,1.89,8,2.52,292,92.11,0,0,3,0.95,2,0.63,0,0,71.6,4.8,20.8,68,7.81,66.67
Arroyo High,San Lorenzo Unified,High School,1819,7,351,19.3,127,6.98,207,11.38,859,47.22,25,1.37,42,2.31,6,0.33,195,10.72,49,4.4,10.7,196,35.48,59.47
Arroyo Seco Elementary,Livermore Valley Joint Unified,Elementary,678,0,46,6.78,15,2.21,16,2.36,216,31.86,0,0,69,10.18,2,0.29,314,46.31,23.3,1.6,4.1,27,48.65,59.46
ASCEND,Oakland Unified,Elementary,486,1,5,1.03,14,2.88,2,0.41,455,93.62,0,0,4,0.82,0,0,5,1.03,84.6,1.8,4.9,24,34.08,36.33
Aspire Berkley Maynard Academy,Oakland Unified,Elementary,587,0,11,1.87,330,56.22,3,0.51,184,31.35,0,0,24,4.09,7,1.19,28,4.77,69.4,3.6,17.6,105,37.32,44.61
Aspire College Academy,Oakland Unified,Elementary,286,1,0,0,77,26.92,0,0,188,65.73,1,0.35,5,1.75,14,4.9,0,0,86.3,2.1,9.1,26,26.92,20
Aspire ERES Academy,Oakland Unified,Elementary,237,0,0,0,12,5.06,2,0.84,215,90.72,0,0,3,1.27,5,2.11,0,0,95.7,2.7,16.5,41,22.44,35.26
Aspire Golden State College Preparatory Academy,Oakland Unified,K-12 Schools (Public),618,1,2,0.32,101,16.34,1,0.16,510,82.52,0,0,1,0.16,1,0.16,1,0.16,89,11.8,12.3,77,18.28,37.09
Aspire Lionel Wilson College Preparatory Academy,Oakland Unified,K-12 Schools (Public),525,0,2,0.38,23,4.38,0,0,493,93.9,3,0.57,0,0,4,0.76,0,0,83.4,15.4,5.2,28,25,36.72
Aspire Monarch Academy,Oakland Unified,Elementary,418,0,1,0.24,12,2.87,1,0.24,399,95.45,3,0.72,2,0.48,0,0,0,0,90.2,1.6,11.3,48,48.99,42.93
Aspire Triumph Technology Academy,Oakland Unified,Elementary,284,0,4,1.41,171,60.21,1,0.35,97,34.15,0,0,0,0,10,3.52,1,0.35,95.4,5.9,25.7,78,23.65,30.82
August Schilling Elementary,Newark Unified,Elementary,378,1,18,4.76,5,1.32,26,6.88,304,80.42,4,1.06,12,3.17,0,0,8,2.12,74.8,1.4,6.7,27,22.48,31.94
Aurum Preparatory Academy,Alameda County Office of Education,Junior High,91,0,0,0,45,49.45,0,0,46,50.55,0,0,0,0,0,0,0,0,89,14.9,30.9,30,11.54,12.2
Bancroft Middle,San Leandro Unified,Middle,1055,7,66,6.26,197,18.67,45,4.27,578,54.79,12,1.14,45,4.27,7,0.66,98,9.29,66.5,12.2,13.6,147,19,33.73
Bay Area Technology,Oakland Unified,K-12 Schools (Public),299,3,7,2.34,108,36.12,2,0.67,159,53.18,2,0.67,3,1,1,0.33,14,4.68,53.5,10.6,14.4,46,11.38,22.42
Bay Elementary,San Lorenzo Unified,Elementary,493,2,101,20.49,18,3.65,37,7.51,247,50.1,6,1.22,33,6.69,1,0.2,48,9.74,51.7,0.6,10.6,54,40.37,41.2
Bay Farm,Alameda Unified,Elementary,610,1,207,33.93,19,3.11,26,4.26,69,11.31,1,0.16,114,18.69,12,1.97,161,26.39,9.8,1.1,2.6,16,76.53,80.85
Beach Elementary,Piedmont City Unified,Elementary,276,0,38,13.77,7,2.54,1,0.36,27,9.78,0,0,65,23.55,0,0,138,50,2.9,0,3.9,11,91.91,88.24
Bella Vista Elementary,Oakland Unified,Elementary,469,5,211,44.99,102,21.75,7,1.49,99,21.11,2,0.43,22,4.69,5,1.07,16,3.41,79.3,0.6,24.9,123,40.82,29.69
Berkeley Arts Magnet at Whittier,Berkeley Unified,Elementary,425,0,47,11.06,47,11.06,6,1.41,67,15.76,0,0,70,16.47,0,0,188,44.24,30.4,0,7.7,34,70.19,71.98
Berkeley High,Berkeley Unified,High School,3154,6,251,7.96,430,13.63,24,0.76,698,22.13,9,0.29,411,13.03,1,0.03,1324,41.98,26.1,1.9,10.1,326,52.12,75.28
Birch Grove Intermediate,Newark Unified,Elementary,438,2,96,21.92,22,5.02,60,13.7,165,37.67,7,1.6,21,4.79,5,1.14,60,13.7,41.3,2.6,3.3,15,55.78,54.2
Bohannon Middle,San Lorenzo Unified,Middle,785,4,70,8.92,54,6.88,46,5.86,524,66.75,14,1.78,7,0.89,6,0.76,60,7.64,66.5,7.1,9.8,78,17.77,27.13
Bowman Elementary,Hayward Unified,Elementary,301,2,31,10.3,26,8.64,13,4.32,200,66.45,10,3.32,8,2.66,0,0,11,3.65,76.1,5.2,14.8,49,13.42,28.17
Brenkwitz High,Hayward Unified,Continuation,161,0,1,0.62,19,11.8,3,1.86,112,69.57,7,4.35,6,3.73,0,0,13,8.07,71.4,4.7,87.5,273,0,5.62
Bret Harte Middle,Hayward Unified,Middle,605,2,27,4.46,107,17.69,23,3.8,356,58.84,15,2.48,29,4.79,3,0.5,43,7.11,67.9,7,12.9,82,13.2,18.41
Bret Harte Middle,Oakland Unified,Middle,556,2,74,13.31,200,35.97,14,2.52,190,34.17,10,1.8,15,2.7,14,2.52,37,6.65,85.3,9.6,49.6,357,23.72,35.48
Bridgepoint High,Newark Unified,Continuation,66,0,1,1.52,4,6.06,2,3.03,53,80.3,1,1.52,2,3.03,0,0,3,4.55,74.2,13.4,42.7,53,0,2.78
Bridges Academy,Oakland Unified,Elementary,439,1,13,2.96,17,3.87,0,0,389,88.61,0,0,3,0.68,8,1.82,8,1.82,96.8,0.8,31,144,15.89,15.17
Brier Elementary,Fremont Unified,Elementary,717,4,345,48.12,15,2.09,58,8.09,215,29.99,6,0.84,15,2.09,8,1.12,51,7.11,39.9,0.2,5.3,41,51.71,61.96
Brookfield Elementary,Oakland Unified,Elementary,232,0,8,3.45,63,27.16,2,0.86,139,59.91,7,3.02,3,1.29,3,1.29,7,3.02,89.7,1.7,25.3,69,17.17,17.53
Brookvale Elementary,Fremont Unified,Elementary,708,3,459,64.83,15,2.12,36,5.08,89,12.57,2,0.28,22,3.11,5,0.71,77,10.88,13.1,2.5,3.4,25,81.06,79.5
Burbank Elementary,Hayward Unified,Elementary,867,3,35,4.04,62,7.15,43,4.96,665,76.7,9,1.04,32,3.69,1,0.12,17,1.96,72.7,1.6,7.6,69,32.26,44.01
Burckhalter Elementary,Oakland Unified,Elementary,249,3,6,2.41,175,70.28,0,0,36,14.46,8,3.21,10,4.02,5,2.01,6,2.41,84.7,0.3,49.8,137,28.21,25
Cabrillo Elementary,Fremont Unified,Elementary,418,4,112,26.79,19,4.55,23,5.5,167,39.95,24,5.74,16,3.83,2,0.48,51,12.2,53.1,1.2,9.8,45,37.56,50.47
Canyon Middle,Castro Valley Unified,Middle,1391,5,387,27.82,80,5.75,62,4.46,354,25.45,11,0.79,128,9.2,11,0.79,353,25.38,23.9,3.7,6.1,87,56.96,65.6
Carl B. Munck Elementary,Oakland Unified,Elementary,228,2,14,6.14,129,56.58,1,0.44,41,17.98,4,1.75,17,7.46,6,2.63,14,6.14,73.9,0.4,33.9,82,23.53,23.53
Castlemont High,Oakland Unified,High School,835,1,12,1.44,222,26.59,4,0.48,560,67.07,15,1.8,2,0.24,10,1.2,9,1.08,91.3,4.4,60.3,589,0,9.4
Castro Valley Elementary,Castro Valley Unified,Elementary,506,1,103,20.36,34,6.72,23,4.55,186,36.76,6,1.19,51,10.08,13,2.57,89,17.59,46.7,0.2,8.1,42,58.77,65.04
Castro Valley High,Castro Valley Unified,High School,2834,5,775,27.35,166,5.86,127,4.48,672,23.71,14,0.49,263,9.28,28,0.99,784,27.66,22.2,3.5,10.5,301,59.81,67.92
Centerville Junior High,Fremont Unified,Middle,972,1,437,44.96,35,3.6,55,5.66,221,22.74,11,1.13,39,4.01,0,0,173,17.8,29.8,3.2,7.2,72,59.42,67.96
Cesar Chavez Middle,Hayward Unified,Middle,554,0,47,8.48,29,5.23,37,6.68,405,73.1,19,3.43,6,1.08,0,0,11,1.99,70.2,13.6,12.2,72,12.76,21.97
Cesar Chavez Middle,New Haven Unified,Middle,1210,4,146,12.07,60,4.96,125,10.33,719,59.42,36,2.98,52,4.3,0,0,68,5.62,58.9,4.6,47.5,586,25.98,33.56
Chabot Elementary,Castro Valley Unified,Elementary,464,0,127,27.37,18,3.88,15,3.23,81,17.46,2,0.43,62,13.36,9,1.94,150,32.33,21.1,0,10.7,62,70.82,69.96
Chabot Elementary,Oakland Unified,Elementary,580,1,42,7.24,49,8.45,4,0.69,60,10.34,1,0.17,96,16.55,24,4.14,303,52.24,12.4,0,1.7,8,80.83,78.65
Cherryland Elementary,Hayward Unified,Elementary,746,0,18,2.41,42,5.63,9,1.21,633,84.85,8,1.07,20,2.68,0,0,16,2.14,76,2.3,15.2,121,20.14,26.33
Circle of Independent Learning,Fremont Unified,K-12 Schools (Public),368,1,148,40.22,9,2.45,17,4.62,88,23.91,4,1.09,19,5.16,0,0,82,22.28,32.1,0,3.9,16,55.5,62.3
Claremont Middle,Oakland Unified,Middle,485,0,24,4.95,136,28.04,5,1.03,97,20,3,0.62,43,8.87,10,2.06,167,34.43,41.4,4,16.1,80,53.81,58.33
Cleveland Elementary,Oakland Unified,Elementary,404,0,137,33.91,67,16.58,8,1.98,44,10.89,1,0.25,51,12.62,11,2.72,85,21.04,46,0,17,70,61.11,61.62
Coliseum College Prep Academy,Oakland Unified,K-12 Schools (Public),486,0,11,2.26,56,11.52,1,0.21,404,83.13,1,0.21,1,0.21,5,1.03,7,1.44,94,3.2,30.3,150,17.8,35.61
Colonial Acres Elementary,San Lorenzo Unified,Elementary,564,1,24,4.26,37,6.56,13,2.3,434,76.95,16,2.84,18,3.19,0,0,21,3.72,79.1,1.5,12.3,72,21.05,22.18
Community School for Creative Education,Alameda County Office of Education,Elementary,241,5,24,9.96,36,14.94,2,0.83,139,57.68,0,0,7,2.9,21,8.71,7,2.9,50.2,4.7,23.2,65,17.78,24.41
Community United Elementary,Oakland Unified,Elementary,351,0,14,3.99,58,16.52,0,0,261,74.36,3,0.85,2,0.57,10,2.85,3,0.85,96.6,1.5,35.9,135,9.58,12.96
Connecting Waters Charter - East Bay,Alameda County Office of Education,K-12 Schools (Public),314,3,68,21.66,10,3.18,13,4.14,36,11.46,3,0.96,54,17.2,4,1.27,123,39.17,13.1,0,0,0,54.82,66.23
Conservatory of Vocal/Instrumental Arts High,Oakland Unified,High School,74,0,3,4.05,43,58.11,1,1.35,17,22.97,1,1.35,1,1.35,0,0,8,10.81,55.4,0,1.3,1,50,85.71
Core Learning Academy at Conley-Caraballo High,New Haven Unified,Continuation,127,0,5,3.94,8,6.3,10,7.87,88,69.29,3,2.36,4,3.15,0,0,9,7.09,41.7,15.1,91.8,157,0,16.95
Cornell Elementary,Albany City Unified,Elementary,561,0,177,31.55,7,1.25,8,1.43,71,12.66,0,0,99,17.65,41,7.31,158,28.16,13.6,1.4,3.1,18,76.49,83.63
Corvallis Elementary,San Lorenzo Unified,Elementary,472,1,120,25.42,31,6.57,33,6.99,207,43.86,12,2.54,26,5.51,1,0.21,41,8.69,62.3,1,14.3,71,26.52,26.64
Cottonwood Creek,Dublin Unified,Elementary,813,9,638,78.47,13,1.6,26,3.2,41,5.04,3,0.37,45,5.54,0,0,38,4.67,7.4,0.5,2.4,20,85.04,85.46
Cox Academy,Alameda County Office of Education,Elementary,610,1,9,1.48,101,16.56,3,0.49,459,75.25,23,3.77,11,1.8,0,0,3,0.49,89.8,2.9,12.1,77,15.02,22.73
Cragmont Elementary,Berkeley Unified,Elementary,377,2,34,9.02,58,15.38,3,0.8,68,18.04,1,0.27,68,18.04,2,0.53,141,37.4,31,1.5,7.2,28,59.9,66.49
Creekside Middle,Castro Valley Unified,Middle,781,1,203,25.99,26,3.33,35,4.48,175,22.41,2,0.26,64,8.19,9,1.15,266,34.06,23.7,4,4.8,38,65.85,69.03
Crocker Highlands Elementary,Oakland Unified,Elementary,466,0,40,8.58,36,7.73,3,0.64,47,10.09,0,0,50,10.73,17,3.65,273,58.58,6,0.2,6.7,32,75.73,79.92
Crossroads High,Newark Unified,Alternative,43,0,1,2.33,8,18.6,2,4.65,23,53.49,0,0,2,4.65,1,2.33,6,13.95,60.5,0,60,45,0,30.77
Dayton Elementary,San Lorenzo Unified,Elementary,449,1,179,39.87,25,5.57,34,7.57,154,34.3,4,0.89,17,3.79,4,0.89,31,6.9,59.7,0.6,10.1,49,38.4,47.06
Decoto School for Independent Study,New Haven Unified,Alternative,121,0,9,7.44,9,7.44,6,4.96,76,62.81,2,1.65,7,5.79,0,0,12,9.92,47.1,1,64.9,122,8.93,26.32
Del Rey Elementary,San Lorenzo Unified,Elementary,520,1,57,10.96,27,5.19,36,6.92,320,61.54,12,2.31,7,1.35,3,0.58,57,10.96,57.1,0.7,11.6,63,26.56,29.13
Del Valle Continuation High,Livermore Valley Joint Unified,Continuation,111,1,0,0,2,1.8,1,0.9,60,54.05,1,0.9,3,2.7,0,0,43,38.74,67.6,11.9,78.8,141,0,14.75
Delaine Eastin Elementary,New Haven Unified,Elementary,765,5,377,49.28,33,4.31,130,16.99,113,14.77,7,0.92,41,5.36,2,0.26,57,7.45,20.9,0.4,40.1,308,67.13,73.22
Donald D. Lum Elementary,Alameda Unified,Elementary,30,0,12,40,2,6.67,2,6.67,4,13.33,0,0,5,16.67,0,0,5,16.67,26.7,0,10,3,73.33,73.33
Donlon Elementary,Pleasanton Unified,Elementary,758,2,416,54.88,7,0.92,22,2.9,45,5.94,3,0.4,52,6.86,1,0.13,210,27.7,6.7,0.6,1.7,13,78.36,79.21
Downtown Charter Academy,Oakland Unified,Middle,305,0,203,66.56,36,11.8,1,0.33,52,17.05,3,0.98,5,1.64,0,0,5,1.64,78.7,0.6,4,12,65.22,68.23
Dublin Elementary,Dublin Unified,Elementary,878,7,304,34.62,14,1.59,39,4.44,136,15.49,13,1.48,95,10.82,0,0,270,30.75,8.5,0.4,3.8,35,70.07,71.29
Dublin High,Dublin Unified,High School,2978,4,1315,44.16,120,4.03,182,6.11,374,12.56,8,0.27,254,8.53,1,0.03,720,24.18,10,3.8,5.1,155,66.36,76.61
E. L. Musick Elementary,Newark Unified,Elementary,283,0,46,16.25,5,1.77,17,6.01,175,61.84,8,2.83,6,2.12,1,0.35,25,8.83,63.5,2.4,7.5,22,38.02,38.33
E. M. Grimmer Elementary,Fremont Unified,Elementary,481,1,128,26.61,9,1.87,37,7.69,241,50.1,5,1.04,11,2.29,4,0.83,45,9.36,44.5,1.5,7.4,38,67.28,65.44
East Avenue Elementary,Hayward Unified,Elementary,568,0,38,6.69,90,15.85,12,2.11,303,53.35,32,5.63,38,6.69,0,0,55,9.68,68.3,3.4,18.7,113,29.19,42.81
East Avenue Middle,Livermore Valley Joint Unified,Middle,649,2,48,7.4,10,1.54,20,3.08,199,30.66,1,0.15,62,9.55,0,0,307,47.3,30.2,4,0,0,40.22,59.21
East Bay Arts High,San Lorenzo Unified,Alternative,214,1,8,3.74,27,12.62,9,4.21,135,63.08,6,2.8,7,3.27,2,0.93,19,8.88,64,8.1,27,61,21.62,70.27
East Bay Innovation Academy,Oakland Unified,K-12 Schools (Public),562,3,32,5.69,116,20.64,5,0.89,155,27.58,4,0.71,75,13.35,0,0,172,30.6,24.7,5,10,57,49.09,56.43
East Oakland Pride Elementary,Oakland Unified,Elementary,337,3,8,2.37,79,23.44,0,0,229,67.95,0,0,7,2.08,8,2.37,3,0.89,95.6,0.8,42.1,157,11.64,22.4
Eden Gardens Elementary,Hayward Unified,Elementary,552,1,51,9.24,41,7.43,81,14.67,265,48.01,32,5.8,52,9.42,1,0.18,28,5.07,63.6,0.7,16.9,99,23.91,36.76
Edendale Middle,San Lorenzo Unified,Middle,657,3,34,5.18,88,13.39,36,5.48,444,67.58,13,1.98,11,1.67,4,0.61,24,3.65,75.7,13.7,9.5,66,8.73,16.85
Edison Elementary,Alameda Unified,Elementary,469,1,72,15.35,7,1.49,7,1.49,62,13.22,3,0.64,84,17.91,17,3.62,216,46.06,12.8,0.8,2.7,13,75.33,74.89
Edna Brewer Middle,Oakland Unified,Middle,808,0,188,23.27,204,25.25,7,0.87,154,19.06,5,0.62,69,8.54,7,0.87,174,21.53,56.4,2.6,16.9,138,47.38,53.96
Eldridge Elementary,Hayward Unified,Elementary,378,2,38,10.05,27,7.14,24,6.35,241,63.76,26,6.88,13,3.44,0,0,7,1.85,78.3,2,9.8,38,31.14,44.3
Eleanor Murray Fallon,Dublin Unified,Middle,1557,3,1032,66.28,34,2.18,61,3.92,87,5.59,3,0.19,117,7.51,0,0,220,14.13,4.9,0.2,1.3,20,81.95,85.63
Elmhurst United Middle,Oakland Unified,Middle,372,1,8,2.15,109,29.3,0,0,233,62.63,14,3.76,2,0.54,3,0.81,2,0.54,94.4,9.3,35.8,146,8.47,14.17
Emerson Elementary,Berkeley Unified,Elementary,320,1,31,9.69,42,13.13,4,1.25,55,17.19,0,0,56,17.5,0,0,131,40.94,34.4,1.7,36.7,123,9.92,13.71
Emerson Elementary,Oakland Unified,Elementary,308,0,29,9.42,155,50.32,7,2.27,48,15.58,1,0.32,20,6.49,12,3.9,36,11.69,76,0.6,8,26,69.18,71.92
Emery Secondary,Emery Unified,High School,209,0,28,13.4,94,44.98,1,0.48,55,26.32,1,0.48,14,6.7,0,0,16,7.66,81.3,5.9,17.4,37,23.64,42.59
Emma C. Smith Elementary,Livermore Valley Joint Unified,Elementary,719,2,125,17.39,5,0.7,17,2.36,143,19.89,2,0.28,69,9.6,0,0,356,49.51,7.5,3.2,2.2,16,72.92,75.34
Encinal Junior/Senior High,Alameda Unified,K-12 Schools (Public),1261,6,274,21.73,154,12.21,142,11.26,204,16.18,17,1.35,100,7.93,7,0.56,357,28.31,39.5,3.6,13.7,176,42.34,63.77
EnCompass Academy Elementary,Oakland Unified,Elementary,327,1,7,2.14,55,16.82,1,0.31,237,72.48,4,1.22,4,1.22,5,1.53,13,3.98,90.5,0.5,34.1,119,13.48,15.11
Envision Academy for Arts & Technology,Alameda County Office of Education,High School,385,3,6,1.56,126,32.73,1,0.26,217,56.36,4,1.04,14,3.64,0,0,14,3.64,79.5,14.3,20.1,79,10.71,34.52
Epic Charter,Oakland Unified,Middle,316,8,8,2.53,45,14.24,3,0.95,243,76.9,2,0.63,4,1.27,1,0.32,2,0.63,88.9,9.4,22.4,72,14.62,28.33
Esperanza Elementary,Oakland Unified,Elementary,345,0,0,0,2,0.58,0,0,336,97.39,0,0,0,0,6,1.74,1,0.29,92.5,0.3,26.8,99,31.97,29.71
Fairlands Elementary,Pleasanton Unified,Elementary,767,0,533,69.49,3,0.39,12,1.56,36,4.69,0,0,20,2.61,3,0.39,160,20.86,5.2,0.5,1,8,84.13,85.9
Fairview Elementary,Hayward Unified,Elementary,549,1,28,5.1,111,20.22,21,3.83,291,53.01,16,2.91,45,8.2,1,0.18,35,6.38,74,2.9,16.6,95,23.91,38.91
Faith Ringgold School of Arts and Science,Hayward Unified,Elementary,132,0,4,3.03,21,15.91,3,2.27,88,66.67,0,0,10,7.58,0,0,6,4.55,76.5,4.6,17.6,26,17.39,19.57
Foothill High,Pleasanton Unified,High School,2178,1,860,39.49,46,2.11,63,2.89,227,10.42,10,0.46,111,5.1,0,0,860,39.49,10.2,2.7,4.6,102,69.48,84.88
Forest Park Elementary,Fremont Unified,Elementary,1011,1,883,87.34,6,0.59,17,1.68,33,3.26,9,0.89,14,1.38,6,0.59,42,4.15,5,0.2,2.7,29,88.66,89.69
Francophone Charter School of Oakland,Oakland Unified,Elementary,226,0,10,4.42,36,15.93,2,0.88,52,23.01,0,0,41,18.14,0,0,85,37.61,27,0,8.4,19,74.29,85.92
Frank Otis Elementary,Alameda Unified,Elementary,640,1,121,18.91,19,2.97,15,2.34,89,13.91,1,0.16,116,18.13,26,4.06,252,39.38,15.8,0.7,4.6,30,66.07,72.6
Franklin Elementary,Alameda Unified,Elementary,335,0,53,15.82,5,1.49,8,2.39,66,19.7,0,0,37,11.04,8,2.39,158,47.16,20.9,2,2.9,10,63.98,73.51
Franklin Elementary,Oakland Unified,Elementary,653,1,374,57.27,81,12.4,9,1.38,132,20.21,5,0.77,17,2.6,16,2.45,18,2.76,90.2,0.4,28.7,197,29.57,33.78
Fred E. Weibel Elementary,Fremont Unified,Elementary,796,0,666,83.67,9,1.13,15,1.88,35,4.4,6,0.75,14,1.76,3,0.38,48,6.03,7.8,0,2.5,21,84.12,86.22
Fred T. Korematsu Discovery Academy,Oakland Unified,Elementary,295,1,8,2.71,50,16.95,1,0.34,212,71.86,3,1.02,5,1.69,5,1.69,10,3.39,96.3,1.5,35.4,110,18.42,19.59
Frederiksen Elementary,Dublin Unified,Elementary,800,1,219,27.38,48,6,38,4.75,166,20.75,5,0.63,83,10.38,0,0,240,30,18.1,0.1,5.4,45,54.06,59.8
Fremont High,Oakland Unified,High School,771,2,35,4.54,152,19.71,5,0.65,515,66.8,27,3.5,3,0.39,17,2.2,15,1.95,94.4,8.5,66.8,546,2.47,17.61
Frick Middle,Oakland Unified,Middle,231,1,1,0.43,94,40.69,0,0,120,51.95,7,3.03,4,1.73,2,0.87,2,0.87,95.2,13.8,38.6,93,4.52,11.54
Fruitvale Elementary,Oakland Unified,Elementary,332,5,40,12.05,79,23.8,2,0.6,167,50.3,3,0.9,12,3.61,12,3.61,12,3.61,88.9,2.1,40.7,147,17.31,23.08
Futures Elementary,Oakland Unified,Elementary,312,0,21,6.73,134,42.95,0,0,136,43.59,1,0.32,4,1.28,8,2.56,8,2.56,97.1,3.6,49.6,168,6.59,10.24
G. M. Walters Middle,Fremont Unified,Middle,727,3,218,29.99,16,2.2,75,10.32,260,35.76,6,0.83,31,4.26,1,0.14,117,16.09,42.4,4,8.6,65,47.86,65.38
Garfield Elementary,Oakland Unified,Elementary,668,2,179,26.8,120,17.96,8,1.2,307,45.96,8,1.2,15,2.25,12,1.8,17,2.54,91.9,1.1,29.8,212,27.71,25.5
Garfield Elementary,San Leandro Unified,Elementary,355,1,29,8.17,54,15.21,36,10.14,181,50.99,4,1.13,22,6.2,6,1.69,22,6.2,68.7,0.5,12.2,45,23.66,26.34
Glassbrook Elementary,Hayward Unified,Elementary,515,2,27,5.24,16,3.11,6,1.17,440,85.44,10,1.94,5,0.97,0,0,9,1.75,80.4,9.9,12.2,67,15.47,20.68
Glenmoor Elementary,Fremont Unified,Elementary,663,2,307,46.3,12,1.81,32,4.83,185,27.9,6,0.9,30,4.52,10,1.51,79,11.92,31.5,0.3,3.8,26,61.76,70.49
Glenview Elementary,Oakland Unified,Elementary,465,0,44,9.46,85,18.28,5,1.08,65,13.98,0,0,58,12.47,21,4.52,187,40.22,27.1,0.2,16.1,76,47.96,58.37
Global Family,Oakland Unified,Elementary,444,1,2,0.45,15,3.38,1,0.23,413,93.02,0,0,4,0.9,6,1.35,2,0.45,95.1,1,19.3,92,10.05,14.15
Golden Oak Montessori of Hayward,Hayward Unified,Elementary,249,0,19,7.63,24,9.64,29,11.65,93,37.35,7,2.81,17,6.83,1,0.4,59,23.69,19.7,1.6,5.6,14,41.08,62.7
Granada High,Livermore Valley Joint Unified,High School,2282,3,189,8.28,26,1.14,85,3.72,611,26.77,12,0.53,176,7.71,3,0.13,1177,51.58,20.3,4,0,0,49.9,67.36
Grant Elementary,San Lorenzo Unified,Elementary,403,0,61,15.14,27,6.7,37,9.18,213,52.85,3,0.74,16,3.97,5,1.24,41,10.17,54.8,0.9,9.2,39,25.42,32.95
Grass Valley Elementary,Oakland Unified,Elementary,269,1,5,1.86,178,66.17,0,0,53,19.7,9,3.35,10,3.72,4,1.49,9,3.35,76.2,1.6,19.6,58,15.25,13.68
Greenleaf Elementary,Oakland Unified,Elementary,635,1,10,1.57,52,8.19,3,0.47,529,83.31,3,0.47,7,1.1,13,2.05,17,2.68,93.7,3.3,23.9,156,19.39,27.25
Guy Jr. Emanuele Elementary,New Haven Unified,Elementary,569,6,106,18.63,22,3.87,70,12.3,293,51.49,6,1.05,23,4.04,0,0,43,7.56,58.6,1.2,55.8,334,43.48,45.06
H. A. Snow Elementary,Newark Unified,Elementary,343,0,45,13.12,9,2.62,20,5.83,194,56.56,11,3.21,19,5.54,4,1.17,41,11.95,51.3,1.7,8.3,29,34.34,43.43
Harder Elementary,Hayward Unified,Elementary,569,0,41,7.21,21,3.69,16,2.81,450,79.09,16,2.81,14,2.46,0,0,11,1.93,79.6,5.2,11,68,12.65,22.49
Harold William Kolb,Dublin Unified,Elementary,735,8,495,67.35,18,2.45,49,6.67,29,3.95,2,0.27,40,5.44,0,0,94,12.79,4.5,0.3,2.8,22,86.72,87.47
Harvest Park Middle,Pleasanton Unified,Middle,1223,0,600,49.06,13,1.06,19,1.55,75,6.13,3,0.25,51,4.17,6,0.49,456,37.29,7,1.9,1.8,22,78.14,79.82
Harvey Green Elementary,Fremont Unified,Elementary,517,0,339,65.57,2,0.39,23,4.45,91,17.6,0,0,12,2.32,3,0.58,47,9.09,31.3,0.7,4.7,25,74.1,77.74
Havens Elementary,Piedmont City Unified,Elementary,439,0,75,17.08,4,0.91,3,0.68,27,6.15,0,0,92,20.96,0,0,238,54.21,0.9,0,3.8,17,92.02,88.32
Hayward High,Hayward Unified,High School,1637,5,91,5.56,243,14.84,70,4.28,1020,62.31,36,2.2,48,2.93,4,0.24,120,7.33,68.7,10.2,24.2,412,18.32,50.62
Henry P. Mohr Elementary,Pleasanton Unified,Elementary,683,1,493,72.18,14,2.05,16,2.34,37,5.42,0,0,19,2.78,2,0.29,101,14.79,6.2,0.3,2.3,17,88.25,86.98
Hesperian Elementary,San Lorenzo Unified,Elementary,551,2,48,8.71,73,13.25,38,6.9,345,62.61,6,1.09,12,2.18,5,0.91,22,3.99,74.4,0.8,15.1,87,22.97,25.18
Highland,Hayward Unified,Special Education Schools,23,0,0,0,6,26.09,0,0,10,43.48,0,0,3,13.04,0,0,4,17.39,87,0,22.2,6,0,8.33
Hillcrest Elementary,Oakland Unified,Elementary,388,0,57,14.69,34,8.76,3,0.77,29,7.47,0,0,45,11.6,11,2.84,209,53.87,9.5,1,9.9,39,82.46,87.39
Hillside Elementary,San Lorenzo Unified,Elementary,458,3,26,5.68,106,23.14,8,1.75,256,55.9,12,2.62,24,5.24,2,0.44,21,4.59,84.1,0.6,18.9,92,11.63,20.19
Hillview Crest Elementary,New Haven Unified,Elementary,513,9,38,7.41,29,5.65,44,8.58,348,67.84,5,0.97,19,3.7,0,0,21,4.09,69.3,1.6,55.1,297,24.08,37.55
Hoover Elementary,Oakland Unified,Elementary,269,1,12,4.46,98,36.43,1,0.37,125,46.47,1,0.37,4,1.49,9,3.35,18,6.69,94.4,2.8,36.7,104,12.4,17.09
Horace Mann Elementary,Oakland Unified,Elementary,294,4,20,6.8,75,25.51,1,0.34,156,53.06,12,4.08,11,3.74,10,3.4,5,1.7,91.8,4.3,43.9,143,3.25,4.2
Howard Elementary,Oakland Unified,Elementary,194,0,12,6.19,116,59.79,2,1.03,41,21.13,3,1.55,7,3.61,3,1.55,10,5.15,87.6,0,52.9,118,21.95,26.25
Independent Elementary,Castro Valley Unified,Elementary,626,1,237,37.86,36,5.75,34,5.43,84,13.42,2,0.32,63,10.06,22,3.51,147,23.48,15.7,0.2,3,19,75.44,77.89
"Independent Study, Sojourner Truth",Oakland Unified,Opportunity,166,0,9,5.42,56,33.73,0,0,74,44.58,2,1.2,4,2.41,7,4.22,14,8.43,65.1,0,68.4,154,0,19.15
International Community,Oakland Unified,Elementary,293,0,4,1.37,3,1.02,2,0.68,272,92.83,0,0,1,0.34,8,2.73,3,1.02,94.2,1.3,21.8,67,18.62,21.05
Irvington High,Fremont Unified,High School,2294,6,1621,70.66,30,1.31,119,5.19,206,8.98,8,0.35,49,2.14,0,0,255,11.12,16.7,2.5,5.3,122,73.4,75.47
Island High,Alameda Unified,Continuation,96,1,3,3.13,26,27.08,11,11.46,24,25,2,2.08,7,7.29,1,1.04,21,21.88,54.2,16.5,85.2,104,6.06,24.24
Itliong-Vera Cruz,New Haven Unified,Middle,1396,6,432,30.95,83,5.95,362,25.93,305,21.85,26,1.86,82,5.87,0,0,100,7.16,39,7.3,42.7,602,45.21,46.14
J. Haley Durham Elementary,Fremont Unified,Elementary,707,2,443,62.66,19,2.69,37,5.23,132,18.67,3,0.42,20,2.83,10,1.41,41,5.8,23.6,0.1,4.4,34,72.26,75
J. M. Amador Elementary,Dublin Unified,Elementary,839,8,649,77.35,11,1.31,26,3.1,27,3.22,2,0.24,54,6.44,0,0,62,7.39,1.8,0.1,3.3,30,92.18,90.71
Jackson Avenue Elementary,Livermore Valley Joint Unified,Elementary,526,1,42,7.98,6,1.14,20,3.8,214,40.68,1,0.19,35,6.65,1,0.19,206,39.16,39.2,1.6,5.1,27,54.43,60.5
James A. Graham Elementary,Newark Unified,Elementary,375,2,42,11.2,12,3.2,15,4,252,67.2,9,2.4,16,4.27,2,0.53,25,6.67,64,1.3,11.3,44,37.26,43.4
James Dougherty Elementary,Dublin Unified,Elementary,890,1,630,70.79,14,1.57,41,4.61,54,6.07,0,0,51,5.73,0,0,99,11.12,3.4,0,4.5,43,82.47,88.6
James Logan High,New Haven Unified,High School,3635,11,904,24.87,201,5.53,841,23.14,1239,34.09,83,2.28,170,4.68,0,0,186,5.12,43.8,1.9,45.2,1666,43.97,74.67
Jefferson Elementary,Berkeley Unified,Elementary,401,0,33,8.23,40,9.98,2,0.5,66,16.46,0,0,83,20.7,0,0,177,44.14,23.7,4.1,14.3,86,26.64,28.94
Jefferson Elementary,San Leandro Unified,Elementary,587,1,59,10.05,85,14.48,20,3.41,364,62.01,5,0.85,18,3.07,5,0.85,30,5.11,74.5,0,4.6,19,71.65,76.8
Jensen Ranch Elementary,Castro Valley Unified,Elementary,424,0,196,46.23,11,2.59,22,5.19,47,11.08,0,0,36,8.49,10,2.36,102,24.06,11.1,0,1.6,7,79.56,83.11
Joaquin Miller Elementary,Oakland Unified,Elementary,443,2,50,11.29,80,18.06,1,0.23,75,16.93,3,0.68,50,11.29,14,3.16,168,37.92,32.5,0.9,27.1,123,58.05,62.98
Joe Michell,Livermore Valley Joint Unified,Elementary,819,1,49,5.98,11,1.34,23,2.81,234,28.57,4,0.49,92,11.23,1,0.12,404,49.33,20,2.7,3,24,47.32,63.22
John Blacow Elementary,Fremont Unified,Elementary,447,3,107,23.94,8,1.79,21,4.7,215,48.1,3,0.67,24,5.37,3,0.67,63,14.09,43.9,0.2,8.2,39,45.03,45.08
John F. Kennedy Elementary,Newark Unified,Elementary,404,0,78,19.31,9,2.23,23,5.69,166,41.09,4,0.99,46,11.39,4,0.99,74,18.32,28.4,0.5,2.2,9,56.57,57.58
John F. Kennedy High,Fremont Unified,High School,1292,3,337,26.08,60,4.64,150,11.61,436,33.75,18,1.39,36,2.79,2,0.15,250,19.35,43.3,4.1,7.8,105,42.95,70.65
John G. Mattos Elementary,Fremont Unified,Elementary,607,3,296,48.76,14,2.31,23,3.79,128,21.09,1,0.16,17,2.8,8,1.32,117,19.28,17.8,1.6,6.4,41,60.33,64.59
John Gomes Elementary,Fremont Unified,Elementary,746,0,637,85.39,6,0.8,11,1.47,31,4.16,3,0.4,19,2.55,1,0.13,38,5.09,6,1,3.2,25,91.58,90.49
John Green Elementary,Dublin Unified,Elementary,859,3,591,68.8,13,1.51,45,5.24,44,5.12,4,0.47,61,7.1,0,0,98,11.41,4.1,0.9,2.6,23,83.22,83.44
John M. Horner Junior High,Fremont Unified,Middle,1245,2,940,75.5,12,0.96,48,3.86,127,10.2,3,0.24,22,1.77,0,0,91,7.31,17.5,2,3.6,45,80.42,80.79
John Muir Elementary,Berkeley Unified,Elementary,305,1,31,10.16,58,19.02,4,1.31,46,15.08,0,0,42,13.77,1,0.33,122,40,34.4,0,15.5,49,61.44,63.82
John Muir Middle,San Leandro Unified,Middle,1003,2,229,22.83,84,8.37,102,10.17,450,44.87,20,1.99,39,3.89,4,0.4,73,7.28,62.3,8,10,103,31.36,44.58
Joseph Azevada Elementary,Fremont Unified,Elementary,650,2,393,60.46,7,1.08,37,5.69,111,17.08,2,0.31,30,4.62,2,0.31,66,10.15,22.5,0.6,4.8,32,79.58,82.88
Joshua Chadbourne Elementary,Fremont Unified,Elementary,734,0,648,88.28,2,0.27,12,1.63,24,3.27,0,0,12,1.63,4,0.54,32,4.36,6.1,0.1,3,24,89.59,86.27
Junction K-8,Livermore Valley Joint Unified,Elementary,934,1,25,2.68,16,1.71,36,3.85,638,68.31,3,0.32,27,2.89,3,0.32,185,19.81,62.1,4.2,5.8,55,28.92,44.83
Kaiser Elementary,Oakland Unified,Elementary,268,0,21,7.84,56,20.9,4,1.49,44,16.42,2,0.75,32,11.94,13,4.85,96,35.82,32.1,1.7,25.4,72,70.45,67.42
KIPP Bridge Academy,Oakland Unified,Middle,528,3,23,4.36,293,55.49,1,0.19,116,21.97,6,1.14,21,3.98,0,0,65,12.31,80.1,11.6,25.7,136,25.6,35.63
KIPP King Collegiate High,San Lorenzo Unified,High School,642,0,158,24.61,83,12.93,22,3.43,322,50.16,3,0.47,18,2.8,0,0,36,5.61,62.6,7.6,4.7,30,51.63,77.12
KIPP Summit Academy,San Lorenzo Unified,Middle,413,0,111,26.88,15,3.63,10,2.42,251,60.77,1,0.24,10,2.42,0,0,15,3.63,75.8,4.6,4.1,17,53.53,68.29
Knowledge Enlightens You Academy,Hayward Unified,Elementary,563,1,24,4.26,41,7.28,15,2.66,324,57.55,19,3.37,3,0.53,15,2.66,121,21.49,57.1,1.2,16.2,94,26.04,29.61
La Escuelita Elementary,Oakland Unified,Elementary,406,1,82,20.2,61,15.02,7,1.72,221,54.43,1,0.25,10,2.46,7,1.72,16,3.94,91.9,1.5,37,164,26.94,29.63
Laurel Elementary,Oakland Unified,Elementary,475,1,116,24.42,164,34.53,5,1.05,120,25.26,14,2.95,27,5.68,5,1.05,23,4.84,84,4.9,36.5,187,27.75,30.7
Lawrence Elementary,Livermore Valley Joint Unified,Elementary,357,0,53,14.85,8,2.24,12,3.36,75,21.01,1,0.28,30,8.4,1,0.28,177,49.58,13.3,2.5,5.4,19,60,63.33
Lazear Charter Academy,Alameda County Office of Education,Elementary,476,3,9,1.89,15,3.15,1,0.21,433,90.97,0,0,4,0.84,1,0.21,10,2.1,89.4,3.5,8.7,42,35.12,48.15
Leadership Public Schools - Hayward,Hayward Unified,High School,595,0,58,9.75,20,3.36,69,11.6,401,67.39,10,1.68,9,1.51,15,2.52,13,2.18,62.2,5,6.6,39,40.29,57.75
Learning Without Limits,Oakland Unified,Elementary,429,1,30,6.99,76,17.72,3,0.7,300,69.93,8,1.86,5,1.17,0,0,6,1.4,88.6,0.2,7.4,32,31.1,27.96
Leo R. Croce Elementary,Livermore Valley Joint Unified,Elementary,601,1,57,9.48,5,0.83,13,2.16,170,28.29,1,0.17,58,9.65,0,0,296,49.25,25.1,0.7,5.4,32,45.59,51.1
LIFE Academy,Oakland Unified,K-12 Schools (Public),463,1,27,5.83,30,6.48,3,0.65,391,84.45,1,0.22,4,0.86,3,0.65,3,0.65,90.9,1.9,31,148,13.28,27.52
Lighthouse Community Charter,Oakland Unified,Elementary,505,0,5,0.99,56,11.09,3,0.59,416,82.38,0,0,7,1.39,0,0,18,3.56,81.6,11.8,11,56,32.75,35.09
Lighthouse Community Charter High,Oakland Unified,High School,280,0,5,1.79,30,10.71,4,1.43,230,82.14,0,0,1,0.36,0,0,10,3.57,78.9,10.5,14.6,41,21.21,40.91
Lincoln Elementary,Newark Unified,Elementary,401,1,38,9.48,10,2.49,29,7.23,214,53.37,11,2.74,25,6.23,6,1.5,67,16.71,47.6,0.9,6.8,28,69.77,59.2
Lincoln Elementary,Oakland Unified,Elementary,739,0,563,76.18,54,7.31,11,1.49,28,3.79,1,0.14,29,3.92,20,2.71,33,4.47,75,1.7,6,45,50.94,56.6
Lincoln High,San Leandro Unified,Continuation,187,0,2,1.07,39,20.86,5,2.67,126,67.38,1,0.53,5,2.67,0,0,9,4.81,58.3,17.5,96.4,217,0,7.69
Lincoln Middle,Alameda Unified,Middle,872,1,243,27.87,30,3.44,34,3.9,137,15.71,2,0.23,110,12.61,5,0.57,310,35.55,15.4,3.3,4.2,37,68.75,79.95
Livermore High,Livermore Valley Joint Unified,High School,1878,8,157,8.36,41,2.18,68,3.62,558,29.71,6,0.32,111,5.91,2,0.11,927,49.36,24.4,4.9,10.1,193,41.31,60.45
Lodestar: A Lighthouse Community Charter Public,Oakland Unified,K-12 Schools (Public),522,1,6,1.15,112,21.46,5,0.96,358,68.58,8,1.53,15,2.87,7,1.34,10,1.92,36.2,6.1,17,93,19.22,28.34
Longfellow Arts and Technology Middle,Berkeley Unified,Middle,497,2,22,4.43,121,24.35,5,1.01,213,42.86,0,0,51,10.26,0,0,83,16.7,59.8,3.7,4.1,21,35.46,37
Longwood Elementary,Hayward Unified,Elementary,651,0,27,4.15,29,4.45,25,3.84,526,80.8,18,2.76,15,2.3,0,0,11,1.69,79.3,0.7,14.5,101,21.02,25.36
Lorenzo Manor Elementary,San Lorenzo Unified,Elementary,569,2,36,6.33,46,8.08,34,5.98,397,69.77,11,1.93,11,1.93,4,0.7,28,4.92,70,0.5,15.2,92,20.38,25.29
Lorin A. Eden Elementary,Hayward Unified,Elementary,389,0,73,18.77,40,10.28,74,19.02,154,39.59,17,4.37,21,5.4,0,0,10,2.57,62.5,0.5,13.8,57,33.33,37.23
Love Elementary,Alameda Unified,Elementary,544,2,159,29.23,28,5.15,55,10.11,129,23.71,4,0.74,67,12.32,22,4.04,78,14.34,46.1,2.6,9.1,51,52.42,55.28
LPS Oakland R & D Campus,Oakland Unified,High School,483,1,6,1.24,39,8.07,2,0.41,430,89.03,3,0.62,2,0.41,0,0,0,0,96.9,8.1,21.8,108,11,49
Lydiksen Elementary,Pleasanton Unified,Elementary,666,0,300,45.05,11,1.65,20,3,47,7.06,2,0.3,40,6.01,2,0.3,244,36.64,7.8,0.1,4.5,32,75.76,76.6
Madison Elementary,San Leandro Unified,Elementary,479,3,227,47.39,22,4.59,38,7.93,124,25.89,0,0,28,5.85,4,0.84,33,6.89,47.4,1.2,6.4,32,55.22,65.67
Madison Park Academy 6-12,Oakland Unified,K-12 Schools (Public),774,1,10,1.29,113,14.6,0,0,624,80.62,11,1.42,1,0.13,7,0.9,7,0.9,94.6,14.5,17.6,139,9.79,23.33
Madison Park Academy TK-5,Oakland Unified,Elementary,277,1,8,2.89,72,25.99,0,0,174,62.82,10,3.61,5,1.81,4,1.44,3,1.08,92.4,0,29.6,90,14.77,19.33
Malcolm X Elementary,Berkeley Unified,Elementary,557,0,32,5.75,73,13.11,5,0.9,98,17.59,0,0,81,14.54,0,0,268,48.11,25.7,0,9.9,57,62.13,66.42
Manzanita Community,Oakland Unified,Elementary,412,0,51,12.38,110,26.7,6,1.46,201,48.79,5,1.21,15,3.64,14,3.4,10,2.43,90.8,2.4,49.6,221,7.61,13.11
Manzanita SEED Elementary,Oakland Unified,Elementary,391,1,21,5.37,39,9.97,1,0.26,261,66.75,1,0.26,14,3.58,11,2.81,42,10.74,65.2,0.9,39.4,169,33.71,34.52
Marin Elementary,Albany City Unified,Elementary,504,1,111,22.02,17,3.37,5,0.99,69,13.69,0,0,77,15.28,31,6.15,193,38.29,16.3,0.9,4.1,21,77.78,80.83
Markham Elementary,Oakland Unified,Elementary,330,0,1,0.3,90,27.27,2,0.61,227,68.79,4,1.21,4,1.21,2,0.61,0,0,96.7,4.4,48.2,171,2.42,3.21
Marshall Elementary,Castro Valley Unified,Elementary,490,2,120,24.49,25,5.1,19,3.88,157,32.04,4,0.82,43,8.78,15,3.06,105,21.43,34.5,0,6.4,33,68.27,68.55
Martin Luther King Middle,Berkeley Unified,Middle,989,0,67,6.77,101,10.21,7,0.71,158,15.98,1,0.1,177,17.9,1,0.1,477,48.23,25.2,2.2,6.2,63,70.27,73.24
"Martin Luther King, Jr. Elementary",Oakland Unified,Elementary,314,0,28,8.92,176,56.05,1,0.32,44,14.01,5,1.59,15,4.78,14,4.46,31,9.87,96.2,2.1,51.7,181,30.51,18.42
"Martin Luther King, Jr. Middle",Hayward Unified,Middle,757,3,71,9.38,41,5.42,62,8.19,523,69.09,24,3.17,12,1.59,0,0,21,2.77,66.1,7.9,10.3,79,35.83,49.17
Marylin Avenue Elementary,Livermore Valley Joint Unified,Elementary,392,1,5,1.28,8,2.04,18,4.59,293,74.74,0,0,20,5.1,1,0.26,46,11.73,77.9,0,8,32,37.5,39.66
Maya Lin,Alameda Unified,Alternative,427,1,52,12.18,22,5.15,21,4.92,77,18.03,0,0,69,16.16,15,3.51,170,39.81,23,1.1,5.8,26,56.12,59.18
McClymonds High,Oakland Unified,High School,383,1,16,4.18,307,80.16,3,0.78,25,6.53,3,0.78,2,0.52,8,2.09,18,4.7,85.6,13.8,57.3,238,2.38,26.74
McKinley Elementary,San Leandro Unified,Elementary,507,1,70,13.81,69,13.61,23,4.54,268,52.86,13,2.56,24,4.73,9,1.78,30,5.92,73,0.2,11.5,61,20.61,35
Melrose Leadership Academy,Oakland Unified,Elementary,538,1,5,0.93,41,7.62,7,1.3,338,62.83,0,0,43,7.99,9,1.67,94,17.47,42.6,1,25.4,147,26.92,39.71
MetWest High,Oakland Unified,High School,160,0,9,5.63,28,17.5,0,0,105,65.63,2,1.25,3,1.88,5,3.13,8,5,80,1.2,13,21,10.26,27.5
Millennium High Alternative,Piedmont City Unified,Continuation,65,1,4,6.15,10,15.38,1,1.54,15,23.08,0,0,8,12.31,0,0,26,40,16.9,4.2,28.6,20,18.18,36.36
Mission San Jose Elementary,Fremont Unified,Elementary,535,0,471,88.04,7,1.31,6,1.12,18,3.36,2,0.37,6,1.12,4,0.75,21,3.93,3.9,0,2.7,15,93.38,93.38
Mission San Jose High,Fremont Unified,High School,2046,2,1848,90.32,6,0.29,34,1.66,34,1.66,2,0.1,23,1.12,0,0,97,4.74,6.7,1.6,4.7,97,93.22,94.78
Mission Valley Elementary,Fremont Unified,Elementary,655,2,549,83.82,5,0.76,15,2.29,30,4.58,2,0.31,10,1.53,5,0.76,37,5.65,8.7,0.3,3.6,24,87.47,88.01
MLK / Lafayette Elementary,Oakland Unified,Elementary,83,0,10,12.05,45,54.22,0,0,15,18.07,0,0,5,6.02,0,0,8,9.64,89.2,7.3,42.7,38,13.89,11.94
Monroe Elementary,San Leandro Unified,Elementary,392,1,86,21.94,44,11.22,34,8.67,154,39.29,0,0,25,6.38,6,1.53,42,10.71,68.6,0,10.8,45,40.12,45.83
Montclair Elementary,Oakland Unified,Elementary,640,0,63,9.84,92,14.38,6,0.94,83,12.97,1,0.16,97,15.16,22,3.44,276,43.13,21.4,0.3,14.6,95,67.51,77.92
Montera Middle,Oakland Unified,Middle,727,6,72,9.9,240,33.01,7,0.96,162,22.28,7,0.96,53,7.29,8,1.1,172,23.66,54.2,7.9,30,223,23.52,39.44
Mountain House Elementary,Mountain House Elementary,Elementary,17,1,0,0,0,0,0,0,7,41.18,4,23.53,1,5.88,0,0,4,23.53,64.7,0,33.3,7,8.33,25
Mt. Eden High,Hayward Unified,High School,1979,9,242,12.23,163,8.24,304,15.36,1080,54.57,74,3.74,32,1.62,2,0.1,73,3.69,65.4,3.8,17.5,353,25.86,58.09
Murray Elementary,Dublin Unified,Elementary,615,4,191,31.06,32,5.2,35,5.69,127,20.65,5,0.81,51,8.29,2,0.33,168,27.32,16,0.6,9.4,62,62,64.52
Nea Community Learning Center,Alameda Unified,K-12 Schools (Public),579,2,70,12.09,92,15.89,16,2.76,120,20.73,0,0,74,12.78,31,5.35,174,30.05,35.1,1.8,7,42,43.09,50.32
New Highland Academy,Oakland Unified,Elementary,356,0,7,1.97,51,14.33,0,0,287,80.62,4,1.12,1,0.28,6,1.69,0,0,97.5,1.8,37.3,138,10.17,13.02
Newark Junior High,Newark Unified,Middle,889,5,111,12.49,36,4.05,81,9.11,502,56.47,21,2.36,40,4.5,1,0.11,92,10.35,52.9,7.9,6,55,33.86,42.96
Newark Memorial High,Newark Unified,High School,1711,2,223,13.03,72,4.21,184,10.75,897,52.43,25,1.46,47,2.75,6,0.35,255,14.9,45.5,4.9,4.7,82,27.48,60.66
Niles Elementary,Fremont Unified,Elementary,588,1,298,50.68,4,0.68,24,4.08,78,13.27,0,0,33,5.61,4,0.68,146,24.83,13.1,0.3,2.7,16,76.59,78.39
North Oakland Community Charter,Oakland Unified,Elementary,172,0,12,6.98,66,38.37,0,0,29,16.86,0,0,23,13.37,10,5.81,32,18.6,51.7,6.3,19.3,35,21.74,28.13
O. N. Hirsch Elementary,Fremont Unified,Elementary,570,1,422,74.04,11,1.93,19,3.33,55,9.65,2,0.35,12,2.11,2,0.35,46,8.07,23.2,0.5,4,24,76.9,76.14
Oakland Charter Academy,Oakland Unified,Middle,235,1,14,5.96,13,5.53,2,0.85,200,85.11,0,0,0,0,2,0.85,3,1.28,91.9,7.1,14.8,37,28.96,40.35
Oakland Charter High,Oakland Unified,High School,459,0,163,35.51,17,3.7,6,1.31,236,51.42,0,0,1,0.22,34,7.41,2,0.44,82.8,5.1,13.3,62,49.12,64.04
Oakland High,Oakland Unified,High School,1642,5,527,32.1,400,24.36,21,1.28,587,35.75,18,1.1,27,1.64,29,1.77,28,1.71,87,4.7,36.7,612,12.43,37.02
Oakland International High,Oakland Unified,Alternative,369,1,64,17.34,17,4.61,0,0,260,70.46,0,0,2,0.54,9,2.44,16,4.34,97,2.9,55.2,251,5.56,0
"Oakland Military Institute, College Preparatory Academy",Oakland Unified,K-12 Schools (Public),743,3,117,15.75,127,17.09,7,0.94,447,60.16,3,0.4,13,1.75,6,0.81,20,2.69,77,13.2,6.4,48,9.95,26.42
Oakland School for the Arts,Oakland Unified,K-12 Schools (Public),749,4,48,6.41,141,18.83,6,0.8,121,16.15,3,0.4,106,14.15,3,0.4,317,42.32,13.5,1.7,13.5,102,54.66,70.29
Oakland SOL Dual Language Middle,Oakland Unified,Middle,100,0,2,2,23,23,0,0,70,70,0,0,0,0,2,2,3,3,81,0.8,46.5,53,10,15
Oakland Technical High,Oakland Unified,High School,2016,4,385,19.1,537,26.64,32,1.59,346,17.16,8,0.4,134,6.65,55,2.73,515,25.55,47.7,2.5,22.5,463,34.17,53.72
Oakland Unity High,Oakland Unified,High School,359,0,1,0.28,15,4.18,1,0.28,332,92.48,1,0.28,0,0,9,2.51,0,0,85.2,3.6,11.1,40,47.06,71.76
Oakland Unity Middle,Alameda County Office of Education,Middle,184,0,2,1.09,20,10.87,1,0.54,155,84.24,0,0,2,1.09,1,0.54,3,1.63,76.6,12.4,14.5,27,15.79,24.71
Ocean View Elementary,Albany City Unified,Elementary,573,1,186,32.46,23,4.01,10,1.75,103,17.98,0,0,76,13.26,68,11.87,106,18.5,33.3,0.2,9.8,60,66.53,73.59
Oliveira Elementary,Fremont Unified,Elementary,885,2,546,61.69,25,2.82,41,4.63,139,15.71,8,0.9,29,3.28,4,0.45,91,10.28,23.5,0.8,6.6,63,65.28,72.47
Oxford Elementary,Berkeley Unified,Elementary,281,0,17,6.05,51,18.15,4,1.42,55,19.57,1,0.36,51,18.15,0,0,102,36.3,33.5,0,12.2,36,62.25,60.53
Palma Ceia Elementary,Hayward Unified,Elementary,551,2,53,9.62,36,6.53,74,13.43,323,58.62,25,4.54,25,4.54,1,0.18,12,2.18,75.7,1.5,9.6,54,27.81,40.25
Palomares Elementary,Castro Valley Unified,Elementary,143,0,17,11.89,4,2.8,6,4.2,51,35.66,0,0,17,11.89,3,2.1,45,31.47,22.4,0,2.8,4,69.86,68.49
Park Elementary,Hayward Unified,Elementary,532,1,45,8.46,32,6.02,22,4.14,377,70.86,16,3.01,23,4.32,0,0,16,3.01,84,0.7,11.5,66,24.06,34.59
Parker Elementary,Oakland Unified,Elementary,314,0,5,1.59,181,57.64,3,0.96,96,30.57,18,5.73,2,0.64,5,1.59,4,1.27,92.4,6.6,50.3,181,12.43,26.49
Parkmont Elementary,Fremont Unified,Elementary,885,4,637,71.98,7,0.79,40,4.52,91,10.28,3,0.34,26,2.94,8,0.9,69,7.8,11.2,0.2,3.3,30,82.7,88.1
Patterson Elementary,Fremont Unified,Elementary,786,3,457,58.14,25,3.18,61,7.76,125,15.9,5,0.64,34,4.33,6,0.76,70,8.91,23.2,1.2,7.4,63,65.12,70.56
Peralta Elementary,Oakland Unified,Elementary,331,2,11,3.32,46,13.9,0,0,41,12.39,0,0,40,12.08,17,5.14,174,52.57,15.4,1.2,10.9,37,78.06,79.62
Phoebe Apperson Hearst Elementary,Pleasanton Unified,Elementary,705,0,391,55.46,22,3.12,3,0.43,61,8.65,2,0.28,33,4.68,0,0,193,27.38,8.1,1.2,2.8,21,84.33,77.44
Piedmont Avenue Elementary,Oakland Unified,Elementary,329,2,22,6.69,160,48.63,3,0.91,76,23.1,1,0.3,25,7.6,8,2.43,32,9.73,74.8,0,29.7,105,20.16,23.62
Piedmont High,Piedmont City Unified,High School,855,0,106,12.4,10,1.17,6,0.7,55,6.43,0,0,146,17.08,0,0,532,62.22,1.3,1.3,4.9,42,81.98,86.47
Piedmont Middle,Piedmont City Unified,Middle,651,0,69,10.6,3,0.46,6,0.92,64,9.83,0,0,102,15.67,0,0,407,62.52,1.7,0.5,3.8,25,86.22,88.24
Pioneer Elementary,New Haven Unified,Elementary,750,3,267,35.6,35,4.67,204,27.2,116,15.47,10,1.33,50,6.67,0,0,65,8.67,34.8,0.5,42.3,329,53.49,60.11
Pleasanton Middle,Pleasanton Unified,Middle,1215,5,401,33,16,1.32,16,1.32,188,15.47,2,0.16,82,6.75,2,0.16,503,41.4,12.7,3.6,3.8,47,70.43,75.38
Prescott,Oakland Unified,Elementary,151,1,6,3.97,103,68.21,1,0.66,30,19.87,1,0.66,5,3.31,0,0,4,2.65,93.2,5.3,59.8,107,14.52,11.11
Proctor Elementary,Castro Valley Unified,Elementary,511,0,119,23.29,13,2.54,16,3.13,120,23.48,0,0,67,13.11,16,3.13,160,31.31,17.6,0.2,3.4,18,80.53,77.88
Ralph J. Bunche High,Oakland Unified,Continuation,124,0,1,0.81,66,53.23,0,0,42,33.87,2,1.61,3,2.42,7,5.65,3,2.42,86.3,2.1,97.7,169,0,11.76
Rancho Las Positas Elementary,Livermore Valley Joint Unified,Elementary,599,5,48,8.01,6,1,17,2.84,193,32.22,0,0,58,9.68,1,0.17,271,45.24,24,1.8,4.3,25,57.85,61.92
Reach Academy,Oakland Unified,Elementary,383,1,16,4.18,141,36.81,7,1.83,174,45.43,18,4.7,13,3.39,4,1.04,9,2.35,90.5,1.8,47.8,197,10.16,12.37
REALM Charter,Berkeley Unified,K-12 Schools (Public),383,1,10,2.61,80,20.89,2,0.52,250,65.27,0,0,21,5.48,2,0.52,17,4.44,62.7,1.1,21.6,91,2.99,16.18
Redwood Continuation High,Castro Valley Unified,Continuation,125,3,2,1.6,14,11.2,5,4,51,40.8,3,2.4,14,11.2,1,0.8,32,25.6,40,4.8,65.4,117,1.72,16.13
Redwood Heights Elementary,Oakland Unified,Elementary,372,3,31,8.33,66,17.74,2,0.54,50,13.44,1,0.27,49,13.17,24,6.45,146,39.25,19.4,0,13.7,52,45.24,57.14
Rise Community,Oakland Unified,Elementary,233,0,11,4.72,77,33.05,4,1.72,135,57.94,2,0.86,1,0.43,2,0.86,1,0.43,97.4,0.4,41.3,102,7.94,12
Robertson High,Fremont Unified,Continuation,176,2,26,14.77,15,8.52,10,5.68,84,47.73,2,1.14,5,2.84,0,0,32,18.18,58,16,55,169,4.72,28.85
Roosevelt Elementary,San Leandro Unified,Elementary,541,2,69,12.75,63,11.65,18,3.33,181,33.46,5,0.92,54,9.98,7,1.29,142,26.25,34.6,0.7,5.7,32,52.48,58.58
Roosevelt Middle,Oakland Unified,Middle,568,3,223,39.26,100,17.61,10,1.76,205,36.09,6,1.06,5,0.88,8,1.41,8,1.41,92.8,3.2,21.8,131,25.14,25.88
ROOTS International Academy,Oakland Unified,Middle,273,0,17,6.23,91,33.33,3,1.1,150,54.95,1,0.37,1,0.37,3,1.1,7,2.56,95.6,12.9,52.8,150,1.32,8.28
Rosa Parks Environmental Science,Berkeley Unified,Elementary,449,0,35,7.8,46,10.24,3,0.67,93,20.71,0,0,58,12.92,0,0,214,47.66,21.8,0,7.3,33,69.52,72.12
Roses in Concrete,Oakland Unified,Elementary,368,1,0,0,146,39.67,4,1.09,120,32.61,7,1.9,24,6.52,60,16.3,6,1.63,55.4,3.1,29.6,116,6.18,16.77
Royal Sunset,San Lorenzo Unified,Continuation,105,1,3,2.86,26,24.76,2,1.9,66,62.86,0,0,2,1.9,0,0,5,4.76,59.1,10,85.7,162,0,16.67
Ruby Bridges Elementary,Alameda Unified,Elementary,484,5,109,22.52,88,18.18,38,7.85,89,18.39,8,1.65,50,10.33,16,3.31,81,16.74,63,3.3,19.7,101,31.6,36.97
Ruus Elementary,Hayward Unified,Elementary,486,0,64,13.17,30,6.17,44,9.05,292,60.08,22,4.53,23,4.73,0,0,11,2.26,72.4,1.9,12.7,65,26.91,29.25
San Leandro High,San Leandro Unified,High School,2652,5,445,16.78,402,15.16,231,8.71,1227,46.27,28,1.06,85,3.21,14,0.53,215,8.11,58.3,6.4,19.2,524,19.48,57.27
San Lorenzo High,San Lorenzo Unified,High School,1349,5,119,8.82,190,14.08,84,6.23,830,61.53,23,1.7,19,1.41,10,0.74,69,5.11,65.5,7.1,19.1,269,22.22,47.18
Sankofa Academy,Oakland Unified,Elementary,189,1,7,3.7,135,71.43,0,0,21,11.11,0,0,10,5.29,9,4.76,6,3.17,82,16.4,43.4,89,0,16.9
Schafer Park Elementary,Hayward Unified,Elementary,778,0,46,5.91,34,4.37,26,3.34,627,80.59,20,2.57,16,2.06,0,0,9,1.16,72.4,2,10.2,82,34.73,46.12
Searles Elementary,New Haven Unified,Elementary,662,6,74,11.18,25,3.78,51,7.7,433,65.41,15,2.27,25,3.78,0,0,33,4.98,50.7,1.3,58,398,28.08,41.03
Sequoia Elementary,Oakland Unified,Elementary,436,3,46,10.55,76,17.43,11,2.52,95,21.79,5,1.15,56,12.84,15,3.44,129,29.59,24.8,0,20.2,90,47.69,57.65
Silver Oak High Public Montessori Charter,Hayward Unified,High School,218,2,13,5.96,8,3.67,10,4.59,135,61.93,2,0.92,6,2.75,4,1.83,38,17.43,59.6,4,15.6,35,25,63.41
Skyline High,Oakland Unified,High School,1592,8,188,11.81,506,31.78,39,2.45,591,37.12,33,2.07,61,3.83,34,2.14,132,8.29,72.6,4.6,52.8,876,14.91,33.33
Southgate Elementary,Hayward Unified,Elementary,677,0,118,17.43,52,7.68,82,12.11,302,44.61,51,7.53,38,5.61,0,0,34,5.02,64.6,0.3,8,56,57.88,61.68
Stanton Elementary,Castro Valley Unified,Elementary,493,0,118,23.94,45,9.13,38,7.71,126,25.56,2,0.41,52,10.55,13,2.64,99,20.08,36.5,0.9,6,31,52.72,56.96
Steven Millard Elementary,Fremont Unified,Elementary,577,3,347,60.14,5,0.87,38,6.59,104,18.02,3,0.52,13,2.25,2,0.35,62,10.75,20.6,0,4.4,27,69.23,70.33
Stonebrae Elementary,Hayward Unified,Elementary,745,2,136,18.26,97,13.02,33,4.43,307,41.21,13,1.74,77,10.34,1,0.13,79,10.6,55.3,1.7,11.5,88,35.56,38.72
Street Academy,Oakland Unified,Alternative,107,0,3,2.8,50,46.73,0,0,46,42.99,0,0,3,2.8,2,1.87,3,2.8,86,0,46.5,53,2.86,8.57
Strobridge Elementary,Hayward Unified,Elementary,492,1,19,3.86,61,12.4,11,2.24,335,68.09,10,2.03,23,4.67,1,0.2,31,6.3,71.3,4.6,20.5,108,13.17,22.38
Sunol Glen Elementary,Sunol Glen Unified,Elementary,297,2,65,21.89,2,0.67,4,1.35,52,17.51,2,0.67,30,10.1,0,0,140,47.14,8.1,2,3.7,11,89.06,83.85
Sunset Elementary,Livermore Valley Joint Unified,Elementary,771,0,78,10.12,9,1.17,9,1.17,135,17.51,0,0,86,11.15,1,0.13,453,58.75,6.6,0.5,3.4,26,69.13,80.05
Sylvia Mendez Elementary,Berkeley Unified,Elementary,398,0,8,2.01,48,12.06,1,0.25,205,51.51,0,0,36,9.05,0,0,100,25.13,31.4,0,9.5,38,51.88,51.25
Tennyson High,Hayward Unified,High School,1423,7,105,7.38,90,6.32,93,6.54,1020,71.68,56,3.94,8,0.56,1,0.07,43,3.02,76.3,7.5,25.1,390,10.71,34.76
The Academy of Alameda,Alameda Unified,Middle,494,0,108,21.86,60,12.15,26,5.26,97,19.64,2,0.4,82,16.6,12,2.43,107,21.66,47.8,6,9.5,47,48.24,52.07
The Academy of Alameda Elementary,Alameda Unified,Elementary,251,0,50,19.92,24,9.56,19,7.57,52,20.72,2,0.8,34,13.55,16,6.37,54,21.51,45.4,0,6,15,55.45,42.57
Think College Now,Oakland Unified,Elementary,305,1,21,6.89,48,15.74,7,2.3,212,69.51,1,0.33,4,1.31,4,1.31,7,2.3,91.5,3.9,43.9,141,32.9,35.71
Thomas S. Hart Middle,Pleasanton Unified,Middle,1201,1,588,48.96,19,1.58,29,2.41,89,7.41,2,0.17,75,6.24,0,0,398,33.14,7.8,2.8,3.9,47,75.94,82.19
Thornhill Elementary,Oakland Unified,Elementary,410,0,50,12.2,40,9.76,1,0.24,54,13.17,1,0.24,53,12.93,20,4.88,191,46.59,12.9,0.7,16.2,67,72.22,82.78
Thornton Junior High,Fremont Unified,Middle,1297,2,835,64.38,37,2.85,94,7.25,134,10.33,15,1.16,46,3.55,0,0,134,10.33,17.3,3.8,5.1,67,75.06,77.19
Thousand Oaks Elementary,Berkeley Unified,Elementary,403,0,22,5.46,44,10.92,2,0.5,145,35.98,0,0,56,13.9,0,0,134,33.25,38.2,0.5,12.7,52,44.29,49.76
Tom Kitayama Elementary,New Haven Unified,Elementary,776,2,205,26.42,23,2.96,137,17.65,279,35.95,11,1.42,56,7.22,1,0.13,62,7.99,43.1,0.4,54.6,441,59.35,59.4
Tom Maloney Elementary,Fremont Unified,Elementary,589,0,396,67.23,17,2.89,30,5.09,92,15.62,3,0.51,5,0.85,2,0.34,44,7.47,19.9,0,5.9,36,75.25,77.89
Treeview Elementary,Hayward Unified,Elementary,461,1,54,11.71,47,10.2,48,10.41,248,53.8,10,2.17,23,4.99,0,0,30,6.51,75.3,0.2,11.6,57,23.08,27.62
Tyrrell Elementary,Hayward Unified,Elementary,675,2,35,5.19,23,3.41,29,4.3,552,81.78,25,3.7,5,0.74,0,0,4,0.59,84.6,4.2,11.1,77,23.9,29.14
United for Success Academy,Oakland Unified,Middle,370,0,23,6.22,60,16.22,4,1.08,259,70,6,1.62,7,1.89,7,1.89,4,1.08,93.2,16.7,35.8,138,12.11,14.97
Urban Montessori Charter,Alameda County Office of Education,Elementary,432,2,31,7.18,82,18.98,4,0.93,111,25.69,1,0.23,66,15.28,3,0.69,132,30.56,30.3,1.3,17.9,78,35.75,45.83
Urban Promise Academy,Oakland Unified,Middle,370,2,12,3.24,20,5.41,3,0.81,320,86.49,2,0.54,0,0,6,1.62,5,1.35,97,8.7,28.8,111,20.59,31.35
Vallejo Mill Elementary,Fremont Unified,Elementary,519,5,184,35.45,16,3.08,24,4.62,180,34.68,3,0.58,17,3.28,1,0.19,89,17.15,29.1,0.2,7.3,40,54.79,59.93
Valley High,Dublin Unified,Continuation,60,0,6,10,12,20,1,1.67,18,30,0,0,6,10,0,0,17,28.33,35,20.2,55.4,51,0,40.63
Valley View Elementary,Pleasanton Unified,Elementary,651,1,85,13.06,8,1.23,3,0.46,238,36.56,1,0.15,47,7.22,3,0.46,265,40.71,25,0.4,2.7,18,60.95,60.95
Vannoy Elementary,Castro Valley Unified,Elementary,436,1,128,29.36,11,2.52,17,3.9,92,21.1,1,0.23,44,10.09,11,2.52,131,30.05,14,0.7,3.1,14,71.49,71.18
Village High,Pleasanton Unified,Continuation,113,0,8,7.08,5,4.42,1,0.88,30,26.55,0,0,6,5.31,0,0,63,55.75,31.9,12.3,37.5,57,4.88,21.95
Vincent Academy,Oakland Unified,Elementary,242,0,0,0,162,66.94,0,0,43,17.77,0,0,13,5.37,1,0.41,23,9.5,79.8,5.8,31.2,78,13.92,15.19
Vineyard Alternative,Livermore Valley Joint Unified,Alternative,136,1,2,1.47,4,2.94,2,1.47,44,32.35,0,0,13,9.56,0,0,70,51.47,30.2,0.5,54.6,107,18.97,40.68
Vintage Hills Elementary,Pleasanton Unified,Elementary,629,0,236,37.52,13,2.07,10,1.59,48,7.63,2,0.32,43,6.84,3,0.48,274,43.56,7.3,0.4,3.3,22,82.84,82.24
Vista Alternative,Fremont Unified,Alternative,34,0,3,8.82,3,8.82,2,5.88,6,17.65,2,5.88,2,5.88,0,0,16,47.06,55.9,0,34.5,19,0,69.23
Walnut Grove Elementary,Pleasanton Unified,Elementary,749,0,294,39.25,6,0.8,5,0.67,29,3.87,1,0.13,46,6.14,4,0.53,364,48.6,4,0.4,1.2,9,77.43,80.1
Warm Springs Elementary,Fremont Unified,Elementary,1054,3,937,88.9,6,0.57,12,1.14,28,2.66,1,0.09,19,1.8,0,0,48,4.55,5.1,0.2,2,22,92.14,91.06
Warwick Elementary,Fremont Unified,Elementary,912,2,607,66.56,17,1.86,54,5.92,111,12.17,5,0.55,35,3.84,9,0.99,72,7.89,15.5,0.5,4.2,40,73.4,77.73
Washington Elementary,San Leandro Unified,Elementary,398,1,31,7.79,38,9.55,10,2.51,254,63.82,0,0,27,6.78,4,1.01,33,8.29,67.3,0,11.5,60,67.15,64.53
Washington Elementary,Berkeley Unified,Elementary,501,1,49,9.78,65,12.97,4,0.8,85,16.97,1,0.2,77,15.37,0,0,219,43.71,28.5,2.1,10.3,43,40.21,30.69
Washington High,Fremont Unified,High School,1918,4,775,40.41,63,3.28,151,7.87,447,23.31,14,0.73,81,4.22,3,0.16,380,19.81,29.6,5,11.3,222,56.76,72.52
Washington Manor Middle,San Lorenzo Unified,Middle,760,2,193,25.39,51,6.71,81,10.66,313,41.18,9,1.18,34,4.47,2,0.26,75,9.87,52.2,6.8,7.2,56,29.76,44.77
Wells Middle,Dublin Unified,Middle,996,0,247,24.8,53,5.32,73,7.33,195,19.58,5,0.5,92,9.24,0,0,331,33.23,16.2,2.2,5.2,53,52.7,64.9
West Oakland Middle,Oakland Unified,Middle,199,1,17,8.54,120,60.3,0,0,37,18.59,1,0.5,3,1.51,7,3.52,13,6.53,94,26.6,51.4,109,8.56,13.04
Westlake Middle,Oakland Unified,Middle,307,0,41,13.36,152,49.51,6,1.95,81,26.38,1,0.33,8,2.61,9,2.93,9,2.93,85.3,19.8,34.2,122,5.66,12.08
Wildwood Elementary,Piedmont City Unified,Elementary,296,0,32,10.81,0,0,2,0.68,34,11.49,0,0,53,17.91,0,0,175,59.12,0,0.3,2,6,91.72,89.81
Will C. Wood Middle,Alameda Unified,Middle,575,1,156,27.13,55,9.57,48,8.35,117,20.35,9,1.57,54,9.39,7,1.22,128,22.26,43.5,2.8,12.4,76,41.5,56.02
Willard Middle,Berkeley Unified,Middle,667,2,38,5.7,93,13.94,7,1.05,122,18.29,1,0.15,119,17.84,0,0,285,42.73,35.5,2.4,6,40,70.22,77.34
William G. Paden Elementary,Alameda Unified,Elementary,397,2,93,23.43,30,7.56,33,8.31,76,19.14,3,0.76,50,12.59,14,3.53,96,24.18,45.6,1.4,11.7,49,53.89,54.49
William Hopkins Junior High,Fremont Unified,Middle,1060,1,910,85.85,8,0.75,12,1.13,57,5.38,0,0,26,2.45,0,0,46,4.34,7.6,1.8,1.8,19,90.82,91.96
William Mendenhall Middle,Livermore Valley Joint Unified,Middle,965,3,88,9.12,4,0.41,28,2.9,169,17.51,1,0.1,100,10.36,0,0,572,59.27,8.5,2.1,3.5,34,63.06,75.13
Wilson Elementary,San Leandro Unified,Elementary,748,1,154,20.59,40,5.35,84,11.23,383,51.2,9,1.2,33,4.41,7,0.94,37,4.95,70.6,0.4,14,109,37.67,46.24
Winton Middle,Hayward Unified,Middle,505,0,22,4.36,31,6.14,21,4.16,395,78.22,14,2.77,8,1.58,0,0,14,2.77,74.1,9.2,11.4,59,19.06,32.58
Yu Ming Charter,Alameda County Office of Education,Elementary,445,0,205,46.07,27,6.07,7,1.57,26,5.84,1,0.22,143,32.13,0,0,36,8.09,14.4,0.2,1.1,5,93.97,93.53